{"cameraMode":{"drawMode":0,"name":"Shaded","section":"Shading Mode"},"sceneLighting":true,"audioPlay":false,"sceneViewState":{"m_AlwaysRefresh":false,"showFog":true,"showSkybox":true,"showFlares":true,"showImageEffects":true,"showParticleSystems":true,"showVisualEffectGraphs":true,"m_FxEnabled":true},"in2DMode":false,"pivot":{"x":12.499618530273438,"y":-7.924510955810547,"z":8.961097717285157},"rotation":{"x":0.19952641427516938,"y":0.13415732979774476,"z":-0.027588998898863794,"w":0.9702865481376648},"size":23.211713790893556,"orthographic":false}